Elevation,Tendencia
3800,0.0
3900,0.0
4000,0.019648924778983425
4100,0.0
4200,0.02671368389884116
4300,0.014706193581959667
4400,0.0
4500,0.0
4600,0.06306871197700911
4700,0.0014507937954063327
4800,0.0017410659988970451
4900,0.002419819298912565
5000,0.005940633801403543
5100,0.0036467447231271917
5200,0.004450214480261782
5300,0.009068838731242184
5400,0.027460238568588445
5500,0.03625509899512484
5600,0.0
5700,0.0
5800,0.0
5900,0.0
6000,0.0
6100,0.0
6200,0.0
