group,variable,value
trend,100,0.017627760670313353
trend,200,0.09845375546269867
trend,300,0.038414059467569185
trend,400,-0.060469629042890126
trend,500,-0.17034280310266842
trend,600,-0.3850129672953394
trend,700,-0.6745990256245824
trend,800,-0.8082117093621749
trend,900,-0.8595169926783954
trend,1000,-0.620596024590555
trend,1100,-0.29408495066932194
trend,1200,-0.3119557195571952
