Elevation,Tendencia
100,0.05251428873685953
200,0.14952859943930374
300,-0.02027325921387805
400,-0.21174648717655575
500,-0.42206338958381845
600,-0.7906271591344269
700,-1.0860283922086496
800,-1.43357753034831
900,-2.09412120753575
1000,0.5065445026178013
