group,variable,value
trend,100,0.040864806824769874
trend,200,0.22947083887838365
trend,300,0.08030133294941597
trend,400,-0.04124235686895495
trend,500,-0.32256096337736834
trend,600,-0.4758937999525462
trend,700,-0.8723840221019984
trend,800,-0.6958506878573036
trend,900,-0.7814479204888094
trend,1000,-0.7155254398478347
trend,1100,-0.14306073689064
trend,1200,-0.0405828057060035
trend,1300,0.0
