Elevation,Tendencia
100,0.029607996982630665
200,0.3323827755696717
300,0.4043728525761908
400,0.4279378733694073
500,0.33496660755752383
600,0.1662026366737351
700,-0.08913985455331477
800,-0.29497827791302916
900,-0.3574389742034697
1000,-0.30629057574603646
1100,-0.07043859866610466
1200,-0.17192155775760518
