group,variable,value
trend,100,0.07282265165010932
trend,200,0.47329259969430465
trend,300,0.5372342481467086
trend,400,0.5331688726771767
trend,500,0.5244588458202496
trend,600,0.49126492690015683
trend,700,0.3877786588624173
trend,800,0.3409301129117889
trend,900,0.2792901023890779
trend,1000,0.17100136885332207
trend,1100,0.07603428997390978
trend,1200,0.0
trend,1300,0.0
