Elevation,Tendencia
100,0.14009843121790252
200,0.454119228899957
300,0.633494477017807
400,0.9854722981740079
500,1.0560407615108367
600,1.1159641020455506
700,1.1985224649015866
800,1.123675318691447
900,0.25299339773956486
1000,0.7164271047227926
1100,-2.0582647245091827
