group,variable,value
trend,100,0.0789882064322637
trend,200,0.1647084972062674
trend,300,0.22174905730600705
trend,400,0.34297405582140494
trend,500,0.29947848725753584
trend,600,0.2975583991306169
trend,700,0.26499817613727344
trend,800,0.24166886289456077
trend,900,-0.2541307371349094
trend,1000,-0.3986314760508309
trend,1100,-3.3429888084265964
