Elevation,Tendencia
100,0.06402638056595007
200,0.5105745247858092
300,0.519721154726075
400,0.5780823227559206
500,0.37675557790900127
600,0.2654502327277928
700,-0.2020181354864976
800,-0.37253544470039335
900,-0.5986435866093619
1000,-0.4484538177089671
1100,-0.011811836616693496
1200,0.031689870009999226
1300,0.015310586176727913
