Elevation,Tendencia
100,0.08521179730888415
200,0.03213547163864023
300,-0.44312939384594363
400,-0.14899236107097907
500,-0.33175442948063977
600,-0.4506565344388799
700,-0.5815728837030443
800,-0.77574934374808
900,-0.8970378424159735
1000,-1.1197103378164341
1100,-1.3060927624353598
1200,-1.088902018097578
1300,-0.5691091475255374
1400,-0.0638916852935656
1500,-0.004817616544276866
1600,-0.004584046598729334
1700,-0.007582089552238806
1800,-0.039742619227857684
1900,0.0
