Elevation,Tendencia
100,0.10832270459303875
200,0.7199797916263405
300,0.8397342659337604
400,0.8685037288014426
500,0.8809846247702438
600,0.8683932274612686
700,0.7466622799674593
800,0.7173131253847969
900,0.6417172715718111
1000,0.3961185983827495
1100,0.6285482562854827
1200,0.0
1300,0.0
