Sen_slope,Area
-10,901.606833027877
-9,526.0527634890934
-8,799.0281012885358
-7,867.8103322925808
-6,874.7439380933167
-5,727.7344274182669
-4,409.93790119969736
-3,306.73277023897043
-2,301.3644371395841
-1,417.31584603082183
0,66.78487502254897
1,0.626126828125
2,0.0
3,0.0
4,0.0
5,0.0
6,0.0
7,0.0
8,0.0
9,0.0
10,0.0
