Elevation,Tendencia
100,0.2206822538480485
200,0.4510303127409009
300,0.32600679197995114
400,0.30377787599734457
500,0.30626473604883253
600,0.3471713086999148
700,0.22204964735094507
800,0.03932765065559902
900,-0.11938727608715403
1000,-0.41676703392491526
1100,0.4575451674690682
1200,1.2246520564207493
1300,0.9767371106274412
1400,0.5911328745367916
1500,0.8898322998872605
1600,0.8339544513457555
