Elevation,Tendencia
100,0.04154402665700732
200,0.12166703687986118
300,0.009645306102313702
400,-0.14832123411978237
500,-0.27652228549112534
600,-0.5141503325018442
700,-0.7039663322956303
800,-1.0896498181669594
900,-1.2053065082365648
1000,-0.005354752342704206
