Elevation,Tendencia
100,0.03244551547104502
200,0.3347941549236769
300,0.3402885966276796
400,0.28419984330586134
500,0.18199982241921575
600,-0.05481354898288436
700,-0.3614541251582379
800,-0.46617710583153277
900,-0.5970967489500815
1000,-0.4873764570208621
1100,-0.3268040757455911
1200,0.7749924947463219
