Elevation,Tendencia
500,0.5250706214689266
600,0.22728745177724766
700,0.45778166727832204
800,0.2430906864050269
900,0.06305535055350553
1000,0.18615867579908674
1100,0.06116560877091752
1200,0.0553251012926877
1300,-0.16684926767385536
1400,-0.22906560333223275
1500,-0.39109465747376276
1600,-0.8516147925033468
1700,-0.5728165482657753
1800,-1.0906423214867949
1900,-0.8934512528953464
2000,-0.7821651859164198
2100,-0.029013539651837526
