Elevation,Tendencia
500,0.8157815781578159
600,0.38395271332452985
700,0.527774397663665
800,0.3935338382724214
900,0.4342448277774695
1000,0.1326428156212016
1100,-0.029230123516009086
1200,-0.16019077009398222
1300,-0.5985671191553538
1400,-0.7010618143366955
1500,-0.7249752929549621
1600,-1.0768753682513095
1700,-0.8057465850211968
1800,-0.5427345333174394
1900,-1.202484227129338
2000,-0.4183389935165175
2100,-0.018252933507170794
