Elevation,Tendencia
100,0.12369986685470802
200,0.3064575036852994
300,0.19126380302700152
400,0.10901660521134257
500,-0.010225356151349854
600,-0.10389172155239335
700,-0.1557363497598899
800,-0.25717343134151793
900,-0.4102279967864421
1000,-0.9261797444620474
1100,-1.994402215544162
1200,-1.9170705819918608
1300,-1.5359477124183012
1400,-1.6785162287480682
