group,variable,value
trend,100,0.014406537847907224
trend,200,-0.17451015839719036
trend,300,-0.5188828486557455
trend,400,-0.9542480181563537
trend,500,-1.4384351393047365
trend,600,-2.1239673721228796
trend,700,-2.3862709227718537
trend,800,-2.6806105973873464
trend,900,-4.200705305121128
trend,1000,-3.7985981308411207
