Elevation,Tendencia
100,0.08986750769634626
200,0.2993912808361976
300,0.4426317998266484
400,0.7409907234912697
500,0.9366002089873611
600,1.0728242367993164
700,1.3769465532166
800,1.4583160345854613
900,0.6218464738281398
1000,0.9628087704690536
1100,0.0
