Sen_slope,Area
-10,45.63035166574755
-9,10.75976368492647
-8,18.614377939583328
-7,32.953142365012255
-6,54.33036049172789
-5,112.25679688088209
-4,218.11126209693694
-3,154.3960306185052
-2,53.39394646384798
-1,50.53502281249999
0,69.37076693621316
1,45.74204100000001
2,27.097266640625012
3,50.11331839062499
4,82.13487729993878
5,48.19431212977939
6,11.083323062500002
7,0.39633146875
8,0.0
9,0.0
10,0.0
