Elevation,Tendencia
3800,0.0
3900,0.0
4000,0.0036894708178966183
4100,-0.0034974169679501768
4200,0.023380972633482322
4300,0.013598605497220058
4400,0.0
4500,0.0
4600,0.031755155264583404
4700,0.0014328430908279103
4800,6.087010702594409E-4
4900,6.290697884160966E-4
5000,9.73330737784699E-6
5100,6.415730077773418E-4
5200,0.00465406663261252
5300,9.5702855566285E-4
5400,0.003674660454168818
5500,0.0
5600,0.0
5700,0.0
5800,0.0
5900,0.0
6000,0.0
6100,0.0
6200,0.0
