Elevation,Tendencia
100,0.14527377810911327
200,0.1977580777483316
300,-0.22229493518711718
400,-0.048065602177154575
500,-0.26551016560154705
600,-0.5478785372553739
700,-0.7996021630128087
800,-1.3185889349981479
900,-1.7797341680217578
1000,-2.4820792544160817
1100,-2.45955202671008
1200,-1.5855947512605721
1300,-0.6470724174877619
1400,-0.11019403723451479
1500,-0.019810842815539097
1600,-0.007949337802364039
1700,-0.007075344315419928
1800,0.0
1900,0.0
