Elevation,Tendencia
100,0.14693851097980717
200,0.30362236920567787
300,0.2249016684598747
400,0.2357636148018553
500,0.23070555939733084
600,0.2857648962215021
700,0.23617154538133825
800,0.04766746379910149
900,0.02468964987124798
1000,-0.377161767491004
1100,0.23158305898108364
1200,1.5976701056914961
1300,0.9026799368246885
1400,0.6979327721468247
1500,1.191791835690531
1600,1.240268673626285
1700,0.0
