Elevation,Tendencia
100,0.07607672027050918
200,0.19190420290460403
300,0.130223946749926
400,0.08333315686198953
500,-0.010087232972632925
600,-0.04847572691621264
700,-0.05746508456056599
800,-0.10580012629014324
900,-0.23812312520396445
1000,-0.5829682808366581
1100,-1.2632633812780003
1200,-1.7162111255284414
1300,0.0
1400,-1.6902439024390243
