Elevation,Tendencia
100,0.051560945129146336
200,0.40307225083878523
300,0.4638193481540182
400,0.5798236963932653
500,0.5445652307623292
600,0.46810107283147323
700,0.08073706449907164
800,-0.24588291414842078
900,-0.28776605229457436
1000,-0.1989043556353839
1100,-0.02507249609636403
1200,0.2199080100668229
1300,0.01668211306765524
