group,variable,value
trend,100,0.049206075963457274
trend,200,0.01152753018880755
trend,300,-0.10796458521256254
trend,400,-0.19167393776387853
trend,500,-0.37199059131045137
trend,600,-0.44011999076994934
trend,700,-0.49013719533017414
trend,800,-0.5537213269927337
trend,900,-0.7005048721684337
trend,1000,-1.3020449114510044
trend,1100,-2.5694519123920143
trend,1200,-2.7953056375548972
trend,1300,-1.7853067047075613
trend,1400,-3.848484848484848
