Elevation,Tendencia
100,0.07706736613404082
200,0.504861531122489
300,0.5690548243507244
400,0.5787661195174657
500,0.5737412461144399
600,0.532965235960678
700,0.4283530688893612
800,0.41861450814665235
900,0.22539653093405063
1000,-0.04401544401544402
1100,0.1311074918566775
1200,0.0
1300,0.0
