group,variable,value
SCA,100,2.342664328831058
SCA,200,3.8374849036844596
SCA,300,4.721047755161642
SCA,400,5.1938677494273
SCA,500,5.534771111227658
SCA,600,5.744255308199599
SCA,700,6.034307392083213
SCA,800,6.9917362017796085
SCA,900,8.868099494680594
SCA,1000,11.567719905364784
SCA,1100,19.755017735350144
SCA,1200,20.351534865246403
SCA,1300,22.620969724172575
