Elevation,SCA
100,5.483909248541511
200,10.030845995048177
300,14.616635988015176
400,17.853746181157543
500,20.166402562042748
600,21.374609676706925
700,22.527338467947725
800,23.177736908683954
900,22.844640278660403
1000,24.431830968656474
1100,25.839753968497394
1200,24.399750209606943
1300,24.12900652113896
1400,18.50889217396213
1500,14.60816817047576
1600,16.49911985762116
