group,variable,value
SCA,100,5.002794353588346
SCA,200,12.01199210019699
SCA,300,16.45200553435042
SCA,400,20.08658059545768
SCA,500,23.053268036338974
SCA,600,26.731494009981585
SCA,700,29.942603283378013
SCA,800,33.58717039804863
SCA,900,34.74018609935976
SCA,1000,39.154383994646075
SCA,1100,37.00168499392759
SCA,1200,39.28785367747844
SCA,1300,38.35880758894395
