group,variable,value
SCA,100,5.226493943748444
SCA,200,11.757475628111088
SCA,300,15.40667929015185
SCA,400,18.15457905417838
SCA,500,21.23300610249992
SCA,600,24.04735104222651
SCA,700,26.567758037691775
SCA,800,29.675612016906605
SCA,900,38.621469147192975
SCA,1000,34.48533585305465
