Elevation,SCA
100,3.4795460320810845
200,9.57057724830558
300,12.4764829094874
400,18.344035631993044
500,21.80330112012807
600,23.375119071874877
700,24.890746585384363
800,25.183564606888453
900,25.593323613375922
1000,28.7566774070542
1100,27.64200130916128
