group,variable,value
SCA,100,6.120149149168933
SCA,200,10.765141319445217
SCA,300,15.185795169886593
SCA,400,18.374009413719225
SCA,500,20.469892253784494
SCA,600,21.590337322265565
SCA,700,22.74653265798827
SCA,800,23.491992776131365
SCA,900,23.216364625007735
SCA,1000,24.511457479157826
SCA,1100,25.37972808774093
SCA,1200,24.28295016363514
SCA,1300,24.353868676759426
SCA,1400,19.072986907745236
SCA,1500,16.305660265557584
SCA,1600,17.17953247395337
