group,variable,value
SCA,100,7.823202751772184
SCA,200,14.85153323917096
SCA,300,18.725679653698805
SCA,400,21.681012929564798
SCA,500,23.71666566729784
SCA,600,24.749642364811915
SCA,700,26.355445659446136
SCA,800,26.954704858666673
SCA,900,26.141561640541447
SCA,1000,22.949175166294708
SCA,1100,20.01722701467774
SCA,1200,19.829820376127042
