Elevation,SCA
100,5.610235100482002
200,7.29316740122695
300,8.317158787948006
400,8.964258236003396
500,10.092138778859027
600,11.721415013535516
700,14.130707275395562
800,17.137884807424545
900,20.646006291012014
1000,22.79033039787886
1100,26.95918827920139
1200,30.661600984413678
1300,34.056318665047634
1400,37.94862174316714
1500,41.457870085999694
1600,44.7105504877979
1700,49.525806988913956
1800,53.9269017596604
1900,57.71317461910653
2000,65.08635964764585
2100,62.23037706676325
