Elevation,SCA
100,4.557091852127426
200,11.039600275760701
300,14.7760034907891
400,17.734725260460213
500,21.293181186599256
600,24.511378240354727
700,27.177039271029532
800,30.655379573142067
900,40.458642117240615
1000,35.281744659457786
