Elevation,SCA
100,5.007940387852818
200,10.248601032457618
300,14.81485663900004
400,17.16928480251245
500,21.59875749514457
600,29.261002918406337
700,36.29559875915944
800,46.681328668685715
900,54.30553355124222
1000,61.03357398105561
1100,73.06141449949872
1200,86.56493561081871
1300,89.09536097341844
1400,75.9271495117264
1500,53.883280248459656
1600,53.43063428984656
1700,67.05732340687338
1800,60.569110780132704
1900,24.672951048447363
