Elevation,SCA
100,7.044728576991851
200,14.380247736895887
300,18.480206672292407
400,21.51450197854239
500,23.676151907965515
600,24.74833143087645
700,25.912316230544192
800,26.54127199132199
900,25.543259051621078
1000,22.22844353212589
1100,20.07175541081393
1200,17.912349377744537
