Elevation,SCA
100,5.098715798137243
200,9.818383628532743
300,12.216135997449921
400,13.743640141861201
500,15.412250348155643
600,16.569420016290657
700,17.941682129727962
800,19.158352883414263
900,18.865227655321572
1000,19.4401450147748
1100,19.64709418660614
1200,17.837375653059492
1300,16.770609761712002
1400,20.97868861224235
