Elevation,SCA
100,4.471404210209909
200,11.29074220330434
300,15.793312520483346
400,19.67755520584559
500,22.870452001090104
600,26.350840106345238
700,29.29499375144759
800,33.289473177096546
900,34.344391830371485
1000,38.66548966649436
1100,38.22245476170852
1200,40.80630177302575
1300,44.00430465141501
