group,variable,value
SCA,100,5.693774685224297
SCA,200,10.594436111449824
SCA,300,12.855082832663587
SCA,400,14.376746166763143
SCA,500,15.787988075746348
SCA,600,16.6845682727103
SCA,700,17.976695999518412
SCA,800,19.048949385846047
SCA,900,18.766653557260664
SCA,1000,19.33365895523833
SCA,1100,19.695458226318845
SCA,1200,17.659759284136282
SCA,1300,15.902460340210732
SCA,1400,21.616823302727042
