Elevation,SCA
100,4.365891287967236
200,6.782262950809849
300,7.7654854873240415
400,8.723474142595874
500,9.737091461813051
600,11.367825867521516
700,13.393629937562935
800,17.833210570563445
900,20.877172651477977
1000,25.2670733751081
1100,27.961634010533167
1200,30.35138122293361
1300,32.24212119899261
1400,36.537564514748944
1500,41.727264098571
1600,44.33679938017676
1700,47.84796065780078
1800,49.12917026095477
1900,45.075869192033636
2000,39.64247811676722
