Elevation,SCA
100,1.958545617844908
200,3.268478494924036
300,4.12202460402223
400,4.6217109263019625
500,5.002145946031615
600,5.25114511584627
700,5.581946107504781
800,6.591402097661481
900,8.623632590933015
1000,10.93784994943604
1100,21.073715511468755
1200,17.878107340497174
1300,22.495746793062505
