group,variable,value
SCA,100,3.9097179210097903
SCA,200,10.11348162266146
SCA,300,12.996470163432647
SCA,400,18.727077450043783
SCA,500,21.967399659094042
SCA,600,23.468957607137128
SCA,700,24.86558470221686
SCA,800,25.460433991305933
SCA,900,25.38152169753192
SCA,1000,28.827956766622417
SCA,1100,28.26518789031785
