Elevation,SCA
500,8.914672546193536
600,10.341434274810085
700,18.75184840199215
800,24.44745640369902
900,29.731059347179553
1000,31.07300737255745
1100,34.93437162743023
1200,33.996081839201864
1300,35.43427912650089
1400,36.76073133720713
1500,39.57641380579161
1600,44.26389807951151
1700,43.170982549419065
1800,48.591112725131325
1900,44.29273073819677
2000,52.18536876940796
2100,50.04622681802855
