group,variable,value
SCA,500,9.15637419493201
SCA,600,11.560756190722435
SCA,700,19.171447541145316
SCA,800,24.9944405210426
SCA,900,29.690769570316245
SCA,1000,30.19199195921675
SCA,1100,34.489184211878865
SCA,1200,33.703633026076034
SCA,1300,36.19676191432995
SCA,1400,38.26640981554625
SCA,1500,39.84615202720577
SCA,1600,45.80617113276
SCA,1700,44.28299223835677
SCA,1800,48.50604736810065
SCA,1900,46.76507315067144
SCA,2000,53.540422025471216
SCA,2100,51.5976638306198
