group,variable,value
trend,1,-11.78937922967666
trend,2,-10.740927128827012
trend,3,-6.6196882748492385
trend,4,-12.071353411321203
trend,5,-11.044207526562847
trend,6,-2.6826291726974065
trend,7,-8.294164760756995
trend,8,-8.112784990048478
trend,9,-9.92501633153544
trend,10,-11.212627465011643
trend,11,-17.022348364019056
trend,12,-13.94816492719971
