group,variable,mean
trend,1,-7.10384074129765
trend,2,-3.5461561980944154
trend,3,-5.430527990356845
trend,4,-4.724835468417798
trend,5,6.419527903123923
trend,6,4.645044362579777
trend,7,2.7068322167937646
trend,8,1.7534273608898376
trend,9,0.8542145286328025
trend,10,0.1191267475645703
trend,11,-3.957160669072585
trend,12,-6.2696391891611425
